QUERY;SCORE;START;END;QSIZE;IDENTITY;CHROM
rs1032838;101;1;101;101;100.00 %;chr2
rs1032838;27;26;62;101;96.60 %;chr21
rs1032838;22;1;23;101;100.00 %;chr5
rs1032838;21;75;97;101;95.70 %;chr19
rs1032838;20;38;57;101;100.00 %;chr4
rs1032838;20;19;40;101;95.50 %;chr3
rs1032838;20;41;62;101;95.50 %;chr5
rs11588857;101;1;101;101;100.00 %;chr1
rs11588857;38;16;71;101;86.10 %;chr5
rs11588857;24;11;36;101;96.20 %;chr19
rs11588857;22;45;66;101;100.00 %;chr22
rs11588857;20;43;62;101;100.00 %;chr4
rs11588857;20;9;28;101;100.00 %;chr20
rs12740041;101;1;101;101;100.00 %;chr1
rs12740041;24;47;78;101;77.00 %;chr5
rs12740041;21;47;67;101;100.00 %;chr5
rs12740041;20;63;82;101;100.00 %;chrX
rs17400325;101;1;101;101;100.00 %;chr2
rs17400325;20;64;83;101;100.00 %;chr4
rs1821849;101;1;101;101;100.00 %;chr2
rs1821849;55;31;101;101;88.80 %;chr3
rs1821849;51;33;101;101;87.00 %;chr13
rs1821849;47;37;101;101;80.00 %;chr2
rs1821849;46;48;101;101;92.60 %;chr10
rs1821849;45;31;96;101;91.00 %;chrY
rs1821849;45;31;96;101;91.00 %;chrX
rs1821849;45;37;101;101;78.40 %;chr6
rs1821849;44;48;101;101;90.80 %;chr4
rs1821849;42;52;101;101;92.00 %;chr2
rs1821849;41;51;101;101;83.40 %;chr2
rs1821849;41;53;101;101;91.90 %;chr15
rs1821849;41;53;101;101;91.90 %;chr1
rs1821849;39;54;101;101;91.70 %;chr12
rs1821849;38;48;101;101;85.20 %;chr5
rs1821849;37;52;101;101;87.80 %;chr1
rs1821849;35;59;101;101;90.70 %;chr6
rs1821849;35;53;101;101;85.80 %;chr5
rs1821849;35;61;101;101;92.70 %;chr4
rs1821849;35;32;101;101;95.00 %;chr5
rs1821849;35;50;101;101;92.70 %;chr4
rs1821849;35;61;101;101;92.70 %;chr21
rs1821849;33;59;101;101;88.40 %;chr7
rs1821849;32;46;101;101;78.60 %;chr8
rs1821849;32;61;100;101;90.00 %;chr1
rs1821849;31;58;101;101;84.70 %;chr18
rs1821849;31;65;101;101;91.90 %;chr14
rs1821849;31;65;101;101;91.90 %;chr11
rs1821849;31;61;101;101;87.90 %;chr6
rs1821849;30;58;101;101;84.10 %;chr4
rs1821849;30;68;101;101;94.20 %;chr3
rs1821849;30;58;101;101;84.10 %;chr11
rs1821849;30;68;101;101;94.20 %;chr7
rs1821849;30;2;36;101;96.90 %;chr1
rs1821849;29;61;93;101;94.00 %;chr9
rs1821849;29;1;31;101;96.80 %;chr4
rs1821849;29;59;101;101;83.80 %;chr2
rs1821849;29;73;101;101;100.00 %;chr13
rs1821849;28;2;29;101;100.00 %;chr13
rs1821849;28;68;101;101;91.20 %;chr4
rs1821849;28;70;101;101;93.80 %;chr17
rs1821849;27;73;101;101;96.60 %;chr6
rs1821849;27;73;101;101;96.60 %;chr5
rs1821849;27;3;29;101;100.00 %;chr1
rs1821849;27;69;101;101;91.00 %;chr9
rs1821849;27;71;101;101;93.60 %;chr5
rs1821849;27;61;101;101;83.00 %;chr3
rs1821849;27;2;34;101;80.00 %;chr1
rs1821849;26;70;101;101;90.70 %;chr4
rs1821849;26;68;101;101;88.30 %;chr1
rs1821849;26;48;85;101;84.30 %;chr1
rs1821849;26;68;101;101;88.30 %;chr2
rs1821849;26;1;26;101;100.00 %;chr10
rs1821849;25;1;25;101;100.00 %;chrX
rs1821849;25;73;101;101;93.20 %;chr8
rs1821849;25;73;101;101;93.20 %;chr7
rs1821849;25;73;101;101;93.20 %;chr7
rs1821849;25;1;25;101;100.00 %;chr7
rs1821849;25;73;101;101;93.20 %;chr6
rs1821849;25;71;101;101;90.40 %;chr5
rs1821849;25;1;25;101;100.00 %;chr22
rs1821849;25;73;101;101;93.20 %;chr21
rs1821849;25;75;101;101;96.30 %;chr21
rs1821849;25;1;25;101;100.00 %;chr2
rs1821849;25;75;101;101;96.30 %;chr2
rs1821849;25;73;101;101;93.20 %;chr2
rs1821849;25;73;101;101;93.20 %;chr13
rs1821849;25;1;25;101;100.00 %;chr11
rs1821849;25;1;25;101;100.00 %;chr10
rs1821849;25;1;26;101;100.00 %;chr1
rs1821849;25;1;25;101;100.00 %;chr1
rs1821849;25;73;101;101;93.20 %;chrX
rs1821849;25;1;25;101;100.00 %;chr8
rs1821849;25;73;101;101;93.20 %;chr6
rs1821849;25;73;101;101;93.20 %;chr3
rs1821849;25;73;101;101;93.20 %;chr20
rs1821849;25;73;101;101;85.80 %;chr18
rs1821849;25;73;101;101;93.20 %;chr18
rs1821849;25;73;101;101;93.20 %;chr12
rs1821849;25;73;101;101;93.20 %;chr11
rs1821849;25;73;101;101;93.20 %;chr10
rs1821849;25;73;101;101;93.20 %;chr10
rs1821849;24;72;101;101;88.50 %;chr6
rs1821849;24;74;101;101;92.90 %;chr21
rs1821849;24;74;101;101;92.90 %;chr2
rs1821849;24;2;25;101;100.00 %;chr1
rs1821849;24;2;25;101;100.00 %;chr1
rs1821849;24;3;26;101;100.00 %;chr1
rs1821849;24;2;25;101;100.00 %;chr1
rs1821849;24;2;25;101;100.00 %;chr1
rs1821849;24;2;25;101;100.00 %;chr1
rs1821849;24;1;26;101;88.00 %;chr1
rs1821849;24;3;26;101;100.00 %;chr1
rs1821849;24;2;25;101;100.00 %;chr1
rs1821849;24;4;29;101;96.20 %;chr2
rs1821849;24;2;25;101;100.00 %;chr1
rs1821849;24;1;26;101;96.20 %;chr1
rs1821849;24;2;25;101;100.00 %;chr1
rs1821849;24;2;25;101;100.00 %;chr1
rs1821849;24;2;25;101;100.00 %;chr1
rs1821849;24;2;25;101;100.00 %;chr1
rs1821849;24;2;25;101;100.00 %;chr1
rs1821849;24;2;25;101;100.00 %;chr1
rs1821849;24;2;25;101;100.00 %;chr1
rs1821849;24;1;26;101;96.20 %;chr1
rs1821849;24;2;25;101;100.00 %;chr1
rs1821849;24;2;25;101;100.00 %;chr1
rs1821849;23;73;101;101;89.70 %;chr9
rs1821849;23;73;101;101;89.70 %;chr5
rs1821849;23;1;25;101;96.00 %;chr1
rs1821849;23;1;25;101;96.00 %;chr1
rs1821849;23;1;25;101;96.00 %;chr1
rs1821849;23;1;25;101;96.00 %;chr1
rs1821849;23;1;25;101;96.00 %;chr1
rs1821849;23;4;26;101;100.00 %;chr1
rs1821849;23;3;25;101;100.00 %;chr1
rs1821849;23;73;101;101;89.70 %;chr13
rs1821849;23;73;101;101;89.70 %;chr10
rs1821849;23;3;25;101;100.00 %;chr1
rs1821849;23;1;25;101;96.00 %;chr1
rs1821849;23;75;101;101;92.60 %;chr1
rs1821849;23;1;25;101;96.00 %;chr1
rs1821849;23;3;25;101;100.00 %;chr1
rs1821849;23;4;26;101;100.00 %;chr1
rs1821849;23;3;25;101;100.00 %;chr1
rs1821849;23;3;25;101;100.00 %;chr1
rs1821849;23;3;25;101;100.00 %;chr1
rs1821849;23;1;25;101;96.00 %;chr1
rs1821849;23;3;25;101;100.00 %;chr1
rs1821849;23;3;25;101;100.00 %;chr1
rs1821849;22;68;101;101;82.40 %;chr15
rs1821849;22;4;25;101;100.00 %;chr1
rs1821849;22;2;25;101;95.90 %;chr1
rs1821849;22;4;25;101;100.00 %;chr1
rs1821849;22;2;25;101;95.90 %;chr1
rs1821849;22;4;25;101;100.00 %;chr1
rs1821849;22;1;25;101;95.90 %;chr19
rs1821849;22;1;22;101;100.00 %;chr12
rs1821849;22;1;22;101;100.00 %;chr1
rs1821849;22;2;25;101;95.90 %;chr1
rs1821849;22;4;25;101;100.00 %;chr1
rs1821849;21;75;101;101;88.90 %;chrX
rs1821849;21;75;101;101;88.90 %;chrX
rs1821849;21;1;25;101;92.00 %;chr1
rs1821849;21;5;25;101;100.00 %;chr1
rs1821849;21;5;25;101;100.00 %;chr1
rs1821849;21;5;25;101;100.00 %;chr1
rs1821849;21;1;25;101;92.00 %;chr1
rs1821849;21;1;25;101;92.00 %;chr1
rs1821849;21;1;25;101;92.00 %;chr1
rs1821849;21;3;25;101;95.70 %;chr1
rs1821849;21;75;101;101;88.90 %;chr14
rs1821849;21;1;21;101;100.00 %;chr10
rs1821849;21;3;25;101;95.70 %;chr1
rs1821849;21;5;25;101;100.00 %;chr1
rs1821849;21;5;25;101;100.00 %;chr1
rs1821849;21;5;25;101;100.00 %;chr1
rs1821849;21;1;25;101;92.00 %;chr1
rs1821849;21;6;26;101;100.00 %;chr1
rs1821849;21;3;25;101;95.70 %;chr1
rs1821849;21;5;25;101;100.00 %;chr1
rs1821849;20;4;25;101;95.50 %;chr1
rs1821849;20;6;25;101;100.00 %;chr1
rs1821849;20;4;25;101;95.50 %;chr1
rs2419407;101;1;101;101;100.00 %;chr2
rs2419407;21;43;63;101;100.00 %;chr8
rs2419407;20;8;27;101;100.00 %;chr13
rs2711047;101;1;101;101;100.00 %;chr2
rs2711047;55;1;57;101;100.00 %;chr14
rs2711047;48;15;86;101;96.30 %;chr13
rs2711047;46;1;92;101;92.60 %;chr17
rs2711047;42;1;60;101;84.80 %;chr20
rs2711047;41;7;92;101;91.90 %;chr9
rs2711047;41;1;45;101;95.60 %;chr2
rs2711047;41;1;45;101;95.60 %;chr19
rs2711047;41;1;45;101;95.60 %;chr5
rs2711047;40;1;48;101;89.20 %;chr1
rs2711047;40;1;42;101;97.70 %;chr17
rs2711047;40;1;52;101;93.70 %;chr14
rs2711047;39;1;45;101;93.40 %;chr2
rs2711047;39;1;45;101;93.40 %;chr3
rs2711047;39;12;52;101;97.60 %;chr2
rs2711047;39;1;45;101;93.40 %;chr11
rs2711047;38;1;38;101;100.00 %;chr5
rs2711047;38;1;42;101;95.30 %;chr2
rs2711047;38;2;45;101;93.20 %;chr10
rs2711047;37;1;45;101;91.20 %;chr5
rs2711047;37;1;37;101;100.00 %;chr8
rs2711047;37;1;37;101;100.00 %;chr12
rs2711047;36;1;44;101;91.00 %;chr19
rs2711047;36;2;41;101;95.00 %;chr15
rs2711047;35;1;37;101;97.30 %;chr4
rs2711047;35;1;37;101;97.30 %;chr7
rs2711047;35;1;35;101;100.00 %;chr7
rs2711047;35;1;37;101;97.30 %;chr10
rs2711047;34;1;36;101;97.30 %;chr17
rs2711047;34;1;36;101;97.30 %;chr12
rs2711047;34;1;36;101;97.30 %;chr5
rs2711047;34;6;45;101;92.50 %;chr20
rs2711047;34;1;36;101;97.30 %;chr16
rs2711047;34;1;36;101;97.30 %;chr14
rs2711047;33;1;37;101;94.60 %;chrX
rs2711047;33;1;37;101;94.60 %;chr8
rs2711047;31;1;35;101;94.30 %;chr21
rs2711047;30;1;36;101;91.70 %;chr2
rs2711047;30;1;36;101;91.70 %;chr7
rs2711047;29;1;35;101;91.50 %;chrY
rs2711047;29;1;35;101;91.50 %;chrX
rs2711047;29;1;38;101;73.40 %;chr10
rs2711047;27;1;35;101;88.60 %;chr2
rs2711047;27;1;31;101;93.60 %;chr11
rs2711047;26;1;26;101;100.00 %;chr7
rs2711047;26;7;36;101;93.40 %;chr17
rs2711047;25;2;26;101;100.00 %;chr3
rs2711047;24;1;26;101;96.20 %;chr6
rs2711047;24;1;26;101;96.20 %;chr1
rs2711047;24;1;26;101;96.20 %;chr10
rs2711047;23;79;101;101;100.00 %;chrX
rs3814316;101;1;101;101;100.00 %;chr1
rs3814316;24;65;91;101;96.30 %;chr2
rs3814316;20;22;41;101;100.00 %;chr12
rs4372256;101;1;101;101;100.00 %;chr1
rs4372256;43;1;50;101;94.00 %;chr10
rs4372256;37;1;50;101;88.00 %;chr14
rs4372256;36;10;50;101;95.20 %;chr1
rs4372256;35;2;41;101;95.00 %;chr11
rs4372256;33;23;82;101;94.60 %;chr14
rs4372256;26;22;48;101;100.00 %;chr8
rs4372256;26;19;48;101;96.60 %;chr13
rs4372256;26;23;49;101;100.00 %;chr11
rs4372256;25;9;35;101;96.30 %;chrY
rs4372256;25;23;48;101;100.00 %;chrX
rs4372256;25;23;48;101;100.00 %;chr6
rs4372256;25;23;48;101;100.00 %;chr4
rs4372256;25;25;50;101;100.00 %;chr3
rs4372256;25;23;48;101;100.00 %;chr2
rs4372256;25;23;48;101;100.00 %;chr2
rs4372256;25;23;48;101;100.00 %;chr2
rs4372256;25;25;50;101;100.00 %;chr15
rs4372256;25;23;48;101;100.00 %;chr11
rs4372256;25;23;48;101;100.00 %;chr10
rs4372256;25;23;48;101;100.00 %;chrX
rs4372256;25;23;50;101;96.30 %;chr9
rs4372256;25;23;48;101;100.00 %;chr8
rs4372256;25;23;50;101;96.30 %;chr8
rs4372256;25;23;48;101;100.00 %;chr5
rs4372256;25;23;48;101;100.00 %;chr4
rs4372256;25;23;48;101;100.00 %;chr4
rs4372256;25;25;50;101;100.00 %;chr3
rs4372256;25;23;48;101;100.00 %;chr18
rs4372256;25;23;50;101;96.30 %;chr15
rs4372256;25;25;50;101;100.00 %;chr10
rs4372256;25;23;48;101;100.00 %;chr1
rs4372256;25;23;48;101;100.00 %;chr1
rs4372256;24;24;50;101;96.20 %;chr8
rs4372256;24;23;47;101;100.00 %;chr17
rs4372256;23;23;48;101;96.20 %;chrX
rs4372256;23;23;48;101;96.00 %;chrX
rs4372256;23;23;48;101;96.00 %;chrX
rs4372256;23;23;48;101;96.00 %;chr8
rs4372256;23;23;48;101;96.20 %;chr4
rs4372256;23;23;48;101;96.00 %;chr4
rs4372256;23;23;48;101;96.00 %;chr4
rs4372256;23;23;48;101;96.00 %;chr3
rs4372256;23;23;48;101;96.00 %;chr17
rs4372256;23;23;48;101;96.00 %;chr15
rs4372256;23;23;48;101;96.00 %;chr14
rs4372256;23;23;48;101;96.00 %;chr13
rs4372256;23;23;48;101;96.00 %;chr11
rs4372256;23;23;48;101;96.00 %;chr11
rs4372256;23;23;48;101;96.00 %;chr1
rs4372256;23;25;50;101;96.00 %;chr1
rs4372256;23;23;48;101;96.00 %;chrX
rs4372256;23;27;50;101;100.00 %;chr6
rs4372256;23;23;48;101;96.00 %;chr5
rs4372256;23;23;48;101;96.00 %;chr3
rs4372256;23;23;48;101;96.00 %;chr3
rs4372256;23;23;48;101;96.00 %;chr12
rs4372256;23;23;48;101;96.00 %;chr10
rs4372256;21;25;46;101;100.00 %;chr5
rs4372256;21;22;43;101;100.00 %;chr10
rs4372256;20;31;50;101;100.00 %;chr8
rs6691883;101;1;101;101;100.00 %;chr1
rs6691883;25;33;60;101;96.50 %;chrX
rs6691883;23;51;74;101;100.00 %;chr6
rs6691883;23;11;34;101;100.00 %;chr11
rs8179610;101;1;101;101;100.00 %;chr2
rs8179610;20;5;24;101;100.00 %;chr14
rs898031;101;1;101;101;100.00 %;chr2
rs898031;20;66;85;101;100.00 %;chr8
rs898031;20;77;96;101;100.00 %;chr6
rs946421;101;1;101;101;100.00 %;chr1
rs946421;29;1;33;101;96.80 %;chr7
rs946421;29;1;33;101;96.90 %;chr11
rs946421;21;1;23;101;95.70 %;chr21
rs946421;20;20;41;101;95.50 %;chr7
rs946421;20;1;20;101;100.00 %;chr7
rs12497831;101;1;101;101;100.00 %;chr3
rs12497831;79;1;94;101;90.20 %;chrY
rs12497831;79;1;94;101;90.20 %;chrY
rs12497831;79;1;94;101;90.20 %;chrY
rs12497831;79;1;94;101;90.20 %;chrY
rs12497831;45;40;101;101;85.00 %;chr17
rs12497831;44;53;101;101;96.00 %;chr1
rs12497831;43;22;84;101;93.90 %;chr1
rs12497831;42;54;101;101;93.80 %;chr12
rs12497831;40;54;101;101;91.70 %;chr1
rs12497831;40;54;101;101;91.70 %;chr2
rs12497831;39;54;94;101;97.60 %;chr8
rs12497831;38;54;101;101;89.60 %;chr2
rs12497831;37;54;94;101;95.20 %;chr2
rs12497831;37;55;95;101;95.20 %;chrX
rs12497831;37;54;94;101;95.20 %;chr7
rs12497831;37;52;94;101;93.10 %;chr3
rs12497831;37;54;94;101;95.20 %;chr11
rs12497831;37;54;94;101;95.20 %;chr1
rs12497831;36;53;94;101;92.90 %;chr18
rs12497831;36;54;93;101;95.00 %;chr12
rs12497831;36;53;94;101;87.90 %;chr11
rs12497831;36;53;92;101;95.00 %;chr14
rs12497831;35;54;94;101;92.70 %;chr5
rs12497831;35;54;94;101;92.70 %;chr5
rs12497831;35;54;92;101;94.90 %;chr2
rs12497831;35;54;94;101;92.70 %;chr2
rs12497831;35;54;94;101;92.70 %;chr14
rs12497831;35;54;94;101;92.70 %;chr1
rs12497831;35;54;94;101;92.70 %;chr4
rs12497831;35;53;94;101;92.90 %;chr15
rs12497831;35;54;92;101;94.90 %;chr1
rs12497831;34;42;84;101;92.50 %;chr5
rs12497831;34;57;94;101;94.80 %;chr2
rs12497831;34;42;81;101;97.30 %;chr1
rs12497831;34;54;93;101;92.50 %;chr1
rs12497831;34;55;94;101;92.50 %;chrX
rs12497831;34;54;93;101;87.20 %;chr2
rs12497831;34;54;95;101;90.50 %;chr14
rs12497831;33;54;94;101;90.30 %;chr5
rs12497831;33;54;94;101;90.30 %;chr19
rs12497831;33;58;94;101;94.60 %;chrX
rs12497831;33;54;94;101;90.30 %;chr9
rs12497831;33;59;93;101;97.20 %;chr18
rs12497831;32;54;87;101;97.10 %;chrX
rs12497831;32;54;87;101;97.10 %;chr12
rs12497831;32;54;87;101;97.10 %;chr7
rs12497831;32;54;87;101;97.10 %;chr5
rs12497831;32;63;101;101;92.40 %;chr12
rs12497831;32;53;87;101;97.20 %;chr1
rs12497831;31;54;86;101;97.00 %;chrX
rs12497831;31;54;94;101;87.90 %;chr1
rs12497831;31;54;94;101;87.90 %;chr1
rs12497831;31;54;94;101;84.70 %;chr1
rs12497831;30;54;87;101;94.20 %;chrX
rs12497831;30;52;81;101;100.00 %;chr5
rs12497831;30;54;87;101;94.20 %;chr2
rs12497831;30;54;87;101;83.90 %;chr2
rs12497831;30;54;87;101;94.20 %;chr1
rs12497831;30;54;87;101;94.20 %;chr8
rs12497831;30;54;87;101;90.70 %;chr7
rs12497831;30;54;85;101;96.90 %;chr18
rs12497831;30;56;101;101;82.70 %;chr16
rs12497831;30;52;101;101;80.00 %;chr15
rs12497831;30;59;94;101;91.70 %;chr1
rs12497831;29;54;84;101;96.80 %;chr13
rs12497831;29;54;86;101;94.00 %;chr1
rs12497831;29;53;84;101;96.80 %;chrX
rs12497831;28;54;87;101;91.20 %;chrX
rs12497831;28;54;85;101;93.80 %;chr8
rs12497831;28;55;84;101;96.70 %;chr15
rs12497831;28;54;83;101;96.70 %;chr11
rs12497831;28;51;84;101;91.20 %;chrX
rs12497831;28;52;101;101;96.70 %;chr5
rs12497831;27;54;82;101;96.60 %;chr13
rs12497831;27;54;84;101;93.60 %;chr1
rs12497831;27;54;84;101;93.60 %;chr18
rs12497831;27;54;84;101;93.60 %;chr1
rs12497831;26;54;81;101;96.50 %;chrX
rs12497831;26;54;81;101;96.50 %;chr5
rs12497831;26;54;81;101;96.50 %;chr14
rs12497831;26;54;81;101;96.50 %;chr12
rs12497831;26;54;81;101;96.50 %;chr11
rs12497831;26;54;83;101;89.30 %;chr11
rs12497831;25;54;84;101;90.40 %;chr7
rs12497831;24;54;77;101;100.00 %;chr2
rs12497831;24;54;79;101;96.20 %;chr15
rs12497831;24;54;79;101;96.20 %;chr14
rs12497831;24;54;80;101;96.20 %;chr1
rs12497831;24;59;82;101;100.00 %;chr6
rs12497831;24;54;79;101;96.20 %;chr5
rs12497831;24;54;77;101;100.00 %;chr2
rs12497831;23;54;76;101;100.00 %;chrUn_g
rs12497831;23;54;76;101;100.00 %;chr9
rs12497831;23;54;76;101;100.00 %;chr9
rs12497831;23;54;76;101;100.00 %;chr9
rs12497831;23;54;76;101;100.00 %;chr8
rs12497831;23;54;76;101;100.00 %;chr8
rs12497831;23;54;76;101;100.00 %;chr8
rs12497831;23;54;76;101;100.00 %;chr8
rs12497831;23;54;76;101;100.00 %;chr8
rs12497831;23;54;76;101;100.00 %;chr8
rs12497831;23;54;76;101;100.00 %;chr7
rs12497831;23;54;76;101;100.00 %;chr7
rs12497831;23;54;76;101;100.00 %;chr7
rs12497831;23;54;76;101;100.00 %;chr6
rs12497831;23;54;76;101;100.00 %;chr6
rs12497831;23;54;76;101;100.00 %;chr6
rs12497831;23;54;76;101;100.00 %;chr6
rs12497831;23;54;76;101;100.00 %;chr6
rs12497831;23;54;76;101;100.00 %;chr6
rs12497831;23;54;76;101;100.00 %;chr5
rs12497831;23;54;76;101;100.00 %;chr4
rs12497831;23;54;76;101;100.00 %;chr3
rs12497831;23;54;76;101;100.00 %;chr2
rs12497831;23;54;76;101;100.00 %;chr2
rs12497831;23;54;76;101;100.00 %;chr2
rs12497831;23;54;76;101;100.00 %;chr18
rs12497831;23;54;76;101;100.00 %;chr17
rs12497831;23;54;76;101;100.00 %;chr16
rs12497831;23;54;76;101;100.00 %;chr16
rs12497831;23;54;76;101;100.00 %;chr11
rs12497831;23;54;76;101;100.00 %;chr10
rs12497831;23;54;76;101;100.00 %;chr1
rs12497831;23;54;76;101;100.00 %;chrY
rs12497831;23;52;100;101;73.50 %;chrX
rs12497831;23;54;76;101;100.00 %;chrX
rs12497831;23;54;76;101;100.00 %;chrX
rs12497831;23;54;76;101;100.00 %;chrX
rs12497831;23;54;76;101;100.00 %;chr9
rs12497831;23;54;76;101;100.00 %;chr9
rs12497831;23;54;76;101;100.00 %;chr9
rs12497831;23;54;76;101;100.00 %;chr6
rs12497831;23;54;76;101;100.00 %;chr5
rs12497831;23;54;76;101;100.00 %;chr5
rs12497831;23;54;76;101;100.00 %;chr4
rs12497831;23;54;76;101;100.00 %;chr3
rs12497831;23;54;76;101;100.00 %;chr3
rs12497831;23;54;76;101;100.00 %;chr20
rs12497831;23;54;76;101;100.00 %;chr2
rs12497831;23;54;76;101;100.00 %;chr2
rs12497831;23;54;76;101;100.00 %;chr19
rs12497831;23;54;76;101;100.00 %;chr18
rs12497831;23;54;76;101;100.00 %;chr16
rs12497831;23;54;76;101;100.00 %;chr16
rs12497831;23;54;76;101;100.00 %;chr16
rs12497831;23;54;76;101;100.00 %;chr13
rs12497831;23;54;76;101;100.00 %;chr12
rs12497831;23;54;76;101;100.00 %;chr12
rs12497831;23;54;76;101;100.00 %;chr11
rs12497831;23;54;76;101;100.00 %;chr11
rs12497831;23;54;76;101;100.00 %;chr11
rs12497831;23;54;76;101;100.00 %;chr10
rs12497831;23;54;76;101;100.00 %;chr1
rs12497831;22;54;75;101;100.00 %;chr9
rs12497831;22;54;75;101;100.00 %;chr4
rs12497831;22;54;75;101;100.00 %;chr4
rs12497831;22;55;76;101;100.00 %;chr11
rs12497831;22;54;75;101;100.00 %;chr1
rs12497831;22;54;75;101;100.00 %;chr4
rs12497831;22;52;73;101;100.00 %;chr1
rs12497831;21;55;75;101;100.00 %;chrX
rs12497831;21;15;35;101;100.00 %;chr1
rs12497831;21;54;74;101;100.00 %;chr14
rs12497831;21;56;76;101;100.00 %;chr11
rs12497831;21;54;74;101;100.00 %;chr1
rs12497831;21;54;74;101;100.00 %;chr1
rs12497831;21;53;73;101;100.00 %;chr1
rs12497831;20;54;73;101;100.00 %;chr1
rs12497831;20;54;73;101;100.00 %;chr1
rs12497831;20;19;38;101;100.00 %;chr1
rs12508739;101;1;101;101;100.00 %;chr4
rs12508739;23;65;89;101;87.50 %;chr4
rs12508739;20;82;101;101;100.00 %;chr22
rs1546208;101;1;101;101;100.00 %;chr3
rs1546208;23;8;35;101;96.00 %;chr5
rs1546208;22;49;73;101;95.90 %;chr16
rs1546208;22;1;23;101;100.00 %;chr1
rs16843589;101;1;101;101;100.00 %;chr4
rs16843589;38;53;101;101;93.40 %;chr16
rs16843589;35;61;101;101;84.30 %;chr4
rs16843589;35;61;101;101;87.50 %;chr11
rs16843589;34;56;101;101;84.30 %;chr4
rs16843589;34;63;101;101;86.50 %;chr5
rs16843589;34;64;101;101;94.80 %;chr5
rs16843589;34;59;101;101;94.80 %;chr12
rs16843589;33;64;101;101;86.20 %;chr2
rs16843589;33;61;101;101;80.60 %;chr6
rs16843589;33;61;101;101;80.60 %;chr3
rs16843589;32;64;100;101;94.60 %;chr7
rs16843589;32;64;101;101;92.20 %;chr3
rs16843589;32;68;101;101;97.10 %;chr11
rs16843589;31;67;101;101;94.30 %;chr1
rs16843589;31;71;101;101;100.00 %;chr19
rs16843589;30;70;101;101;96.90 %;chrX
rs16843589;30;68;101;101;94.20 %;chr5
rs16843589;30;70;101;101;96.90 %;chr2
rs16843589;30;70;101;101;96.90 %;chr15
rs16843589;30;71;101;101;100.00 %;chr11
rs16843589;30;70;101;101;96.90 %;chr10
rs16843589;30;71;101;101;100.00 %;chr3
rs16843589;30;70;101;101;96.90 %;chr12
rs16843589;29;64;95;101;86.70 %;chrY
rs16843589;29;71;101;101;96.80 %;chrX
rs16843589;29;71;101;101;96.80 %;chr4
rs16843589;29;71;101;101;96.80 %;chr3
rs16843589;29;71;101;101;96.80 %;chr2
rs16843589;29;71;101;101;96.80 %;chr18
rs16843589;29;71;101;101;96.80 %;chr17
rs16843589;29;71;101;101;96.80 %;chr17
rs16843589;29;71;101;101;96.80 %;chr14
rs16843589;29;71;101;101;96.80 %;chr13
rs16843589;29;71;101;101;96.80 %;chr1
rs16843589;29;71;101;101;96.80 %;chr1
rs16843589;29;71;101;101;96.80 %;chr1
rs16843589;29;69;101;101;94.00 %;chr7
rs16843589;29;71;101;101;96.80 %;chr6
rs16843589;29;71;101;101;96.80 %;chr6
rs16843589;29;61;95;101;83.90 %;chr5
rs16843589;29;71;101;101;96.80 %;chr4
rs16843589;29;71;101;101;96.80 %;chr3
rs16843589;29;71;101;101;96.80 %;chr18
rs16843589;29;71;101;101;96.80 %;chr17
rs16843589;29;72;101;101;100.00 %;chr14
rs16843589;29;71;101;101;96.80 %;chr12
rs16843589;29;71;101;101;96.80 %;chr11
rs16843589;28;72;101;101;96.70 %;chrX
rs16843589;28;72;101;101;96.70 %;chrX
rs16843589;28;72;101;101;96.70 %;chrX
rs16843589;28;72;101;101;96.70 %;chr8
rs16843589;28;61;94;101;96.70 %;chr7
rs16843589;28;70;101;101;93.80 %;chr7
rs16843589;28;72;101;101;96.70 %;chr6
rs16843589;28;70;101;101;93.80 %;chr6
rs16843589;28;72;101;101;96.70 %;chr5
rs16843589;28;72;101;101;96.70 %;chr5
rs16843589;28;72;101;101;96.70 %;chr4
rs16843589;28;72;101;101;96.70 %;chr4
rs16843589;28;72;101;101;96.70 %;chr3
rs16843589;28;72;101;101;96.70 %;chr3
rs16843589;28;72;101;101;96.70 %;chr3
rs16843589;28;72;101;101;96.70 %;chr22
rs16843589;28;72;101;101;96.70 %;chr20
rs16843589;28;72;101;101;96.70 %;chr2
rs16843589;28;66;95;101;96.70 %;chr2
rs16843589;28;72;101;101;96.70 %;chr2
rs16843589;28;72;101;101;96.70 %;chr2
rs16843589;28;72;101;101;96.70 %;chr2
rs16843589;28;72;101;101;96.70 %;chr19
rs16843589;28;72;101;101;96.70 %;chr19
rs16843589;28;72;101;101;96.70 %;chr19
rs16843589;28;72;101;101;96.70 %;chr18
rs16843589;28;72;101;101;96.70 %;chr17
rs16843589;28;72;101;101;96.70 %;chr17
rs16843589;28;72;101;101;96.70 %;chr16
rs16843589;28;65;94;101;96.70 %;chr16
rs16843589;28;72;101;101;96.70 %;chr14
rs16843589;28;72;101;101;96.70 %;chr14
rs16843589;28;72;101;101;96.70 %;chr12
rs16843589;28;70;101;101;93.80 %;chr12
rs16843589;28;72;101;101;96.70 %;chr12
rs16843589;28;72;101;101;96.70 %;chr12
rs16843589;28;72;101;101;96.70 %;chr11
rs16843589;28;72;101;101;96.70 %;chr10
rs16843589;28;72;101;101;96.70 %;chr1
rs16843589;28;72;101;101;96.70 %;chrX
rs16843589;28;72;101;101;96.70 %;chrX
rs16843589;28;72;101;101;96.70 %;chr9
rs16843589;28;72;101;101;96.70 %;chr8
rs16843589;28;72;101;101;96.70 %;chr7
rs16843589;28;72;101;101;96.70 %;chr6
rs16843589;28;72;101;101;96.70 %;chr6
rs16843589;28;72;101;101;96.70 %;chr4
rs16843589;28;72;101;101;96.70 %;chr4
rs16843589;28;70;101;101;93.80 %;chr4
rs16843589;28;71;100;101;96.70 %;chr4
rs16843589;28;72;101;101;96.70 %;chr4
rs16843589;28;72;101;101;96.70 %;chr20
rs16843589;28;72;101;101;96.70 %;chr2
rs16843589;28;72;101;101;96.70 %;chr18
rs16843589;28;72;101;101;96.70 %;chr17
rs16843589;28;70;101;101;93.80 %;chr12
rs16843589;28;72;101;101;96.70 %;chr11
rs16843589;28;72;101;101;96.70 %;chr10
rs16843589;28;64;95;101;93.80 %;chr1
rs16843589;28;70;101;101;93.80 %;chr1
rs16843589;28;70;101;101;93.80 %;chr1
rs16843589;28;70;101;101;93.80 %;chr1
rs16843589;27;71;101;101;93.60 %;chr7
rs16843589;27;73;101;101;96.60 %;chr7
rs16843589;27;73;101;101;96.60 %;chr4
rs16843589;27;71;101;101;93.60 %;chr3
rs16843589;27;73;101;101;96.60 %;chr22
rs16843589;27;73;101;101;96.60 %;chr22
rs16843589;27;73;101;101;96.60 %;chr22
rs16843589;27;73;101;101;96.60 %;chr14
rs16843589;27;72;100;101;96.60 %;chr12
rs16843589;27;73;101;101;96.60 %;chr11
rs16843589;27;72;100;101;96.60 %;chr10
rs16843589;27;73;101;101;96.60 %;chr1
rs16843589;27;68;101;101;93.60 %;chr2
rs16843589;27;73;101;101;96.60 %;chr19
rs16843589;27;73;101;101;96.60 %;chr16
rs16843589;27;72;100;101;96.60 %;chr11
rs16843589;27;72;100;101;96.60 %;chr1
rs16843589;27;73;101;101;96.60 %;chr1
rs16843589;27;71;101;101;93.60 %;chr1
rs16843589;26;74;101;101;96.50 %;chr7
rs16843589;26;76;101;101;100.00 %;chr20
rs16843589;26;73;100;101;96.50 %;chr1
rs16843589;26;74;101;101;96.50 %;chr1
rs16843589;26;74;101;101;96.50 %;chr3
rs16843589;26;76;101;101;100.00 %;chr2
rs16843589;26;72;101;101;93.40 %;chr1
rs16843589;25;75;101;101;96.30 %;chr18
rs16843589;25;73;101;101;93.20 %;chr1
rs16843589;25;71;95;101;100.00 %;chr6
rs16843589;25;75;101;101;96.30 %;chr17
rs16843589;25;72;100;101;93.20 %;chr1
rs16843589;24;71;94;101;100.00 %;chr6_ss
rs16843589;24;71;94;101;100.00 %;chr6_qb
rs16843589;24;71;94;101;100.00 %;chr6_mc
rs16843589;24;71;94;101;100.00 %;chr6_db
rs16843589;24;71;94;101;100.00 %;chr6_co
rs16843589;24;71;94;101;100.00 %;chr6_ap
rs16843589;24;71;94;101;100.00 %;chr6
rs16843589;24;72;95;101;100.00 %;chr19
rs16843589;24;76;101;101;96.20 %;chr17
rs16843589;24;72;95;101;100.00 %;chr14
rs16843589;24;70;95;101;96.20 %;chr1
rs16843589;24;72;95;101;100.00 %;chrX
rs16843589;24;72;95;101;100.00 %;chr6
rs16843589;24;72;95;101;100.00 %;chr22
rs16843589;24;72;95;101;100.00 %;chr16
rs16843589;24;72;95;101;100.00 %;chr11
rs16843589;24;72;95;101;100.00 %;chr11
rs16843589;24;72;95;101;100.00 %;chr10
rs16843589;24;76;101;101;96.20 %;chr1
rs16843589;24;76;101;101;96.20 %;chr1
rs16843589;23;72;94;101;100.00 %;chrY
rs16843589;23;72;94;101;100.00 %;chrX
rs16843589;23;79;101;101;100.00 %;chr2
rs16843589;23;73;95;101;100.00 %;chr11
rs16843589;23;77;101;101;96.00 %;chr1
rs16843589;23;77;101;101;96.00 %;chr1
rs16843589;22;72;93;101;100.00 %;chr7
rs16843589;22;72;93;101;100.00 %;chr6
rs16843589;22;69;90;101;100.00 %;chr19
rs16843589;22;74;95;101;100.00 %;chr6
rs16843589;22;72;93;101;100.00 %;chr6
rs16843589;22;71;92;101;100.00 %;chr5
rs16843589;22;74;95;101;100.00 %;chr18
rs16843589;22;80;101;101;100.00 %;chr16
rs16843589;21;70;90;101;100.00 %;chrX
rs16843589;21;81;101;101;100.00 %;chr4
rs16843589;21;72;92;101;100.00 %;chr12
rs16843589;21;81;101;101;100.00 %;chr1
rs16843589;21;71;91;101;100.00 %;chrY
rs16843589;21;77;97;101;100.00 %;chr8
rs16843589;21;80;100;101;100.00 %;chr7
rs16843589;21;81;101;101;100.00 %;chr4
rs16843589;21;70;90;101;100.00 %;chr15
rs16843589;21;72;92;101;100.00 %;chr14
rs16843589;20;76;95;101;100.00 %;chr1
rs16843589;20;71;90;101;100.00 %;chr1
rs34133935;101;1;101;101;100.00 %;chr3
rs34133935;83;1;101;101;91.10 %;chr18
rs34133935;81;1;101;101;90.10 %;chrX
rs34133935;81;1;101;101;90.10 %;chr5
rs34133935;81;1;101;101;90.10 %;chr18
rs34133935;81;1;101;101;90.10 %;chr1
rs34133935;80;1;101;101;89.90 %;chr1
rs34133935;80;6;101;101;91.70 %;chr1
rs34133935;79;1;101;101;89.20 %;chrX
rs34133935;79;1;101;101;87.00 %;chr13
rs34133935;79;1;101;101;89.20 %;chr1
rs34133935;79;1;101;101;89.20 %;chr8
rs34133935;79;1;101;101;89.20 %;chr7
rs34133935;79;1;101;101;89.20 %;chr7
rs34133935;78;1;101;101;85.90 %;chr6
rs34133935;78;1;101;101;89.20 %;chr3
rs34133935;78;1;101;101;87.80 %;chr21
rs34133935;77;1;101;101;88.20 %;chr2
rs34133935;77;1;101;101;88.20 %;chr2
rs34133935;77;1;101;101;86.00 %;chr13
rs34133935;77;1;83;101;96.40 %;chr10
rs34133935;77;1;101;101;86.90 %;chrX
rs34133935;77;1;101;101;93.30 %;chr7
rs34133935;77;1;101;101;88.20 %;chr4
rs34133935;75;5;101;101;88.70 %;chrX
rs34133935;75;1;101;101;87.20 %;chr13
rs34133935;75;1;101;101;87.20 %;chrX
rs34133935;75;1;101;101;85.90 %;chrX
rs34133935;75;1;101;101;87.20 %;chr8
rs34133935;75;1;101;101;87.20 %;chr7
rs34133935;75;1;101;101;85.30 %;chr2
rs34133935;75;1;101;101;87.20 %;chr13
rs34133935;73;11;101;101;90.20 %;chr9
rs34133935;73;6;101;101;88.50 %;chr5
rs34133935;73;14;101;101;92.10 %;chr16
rs34133935;72;14;101;101;91.00 %;chrX
rs34133935;71;1;101;101;83.20 %;chr17
rs34133935;71;11;101;101;89.10 %;chr7
rs34133935;71;1;83;101;92.80 %;chr4
rs34133935;71;1;101;101;88.20 %;chr12
rs34133935;71;1;101;101;83.90 %;chr12
rs34133935;70;14;101;101;89.80 %;chr6
rs34133935;70;1;78;101;94.90 %;chr21
rs34133935;70;1;101;101;88.10 %;chr2
rs34133935;69;11;101;101;88.00 %;chrX
rs34133935;69;1;83;101;91.60 %;chr5
rs34133935;69;11;101;101;88.00 %;chr4
rs34133935;69;1;83;101;91.60 %;chr1
rs34133935;69;11;101;101;86.60 %;chr1
rs34133935;69;11;101;101;86.60 %;chr18
rs34133935;69;1;83;101;91.60 %;chr17
rs34133935;68;1;101;101;85.50 %;chr1
rs34133935;67;11;101;101;92.40 %;chr5
rs34133935;67;11;101;101;86.90 %;chr2
rs34133935;67;5;83;101;92.50 %;chr18
rs34133935;67;1;76;101;94.80 %;chr13
rs34133935;67;11;101;101;86.90 %;chr4
rs34133935;67;11;101;101;83.20 %;chr13
rs34133935;67;1;101;101;81.10 %;chr11
rs34133935;67;1;83;101;87.90 %;chr10
rs34133935;66;1;78;101;92.40 %;chr3
rs34133935;66;14;101;101;87.50 %;chr11
rs34133935;66;1;78;101;92.40 %;chr3
rs34133935;66;1;78;101;90.80 %;chr16
rs34133935;66;1;78;101;92.40 %;chr11
rs34133935;65;1;77;101;89.50 %;chr6
rs34133935;65;3;83;101;90.20 %;chr4
rs34133935;64;1;78;101;94.50 %;chr17
rs34133935;64;15;101;101;85.40 %;chrX
rs34133935;64;1;75;101;89.10 %;chr8
rs34133935;64;1;78;101;91.10 %;chr4
rs34133935;63;11;83;101;93.20 %;chr7
rs34133935;63;1;78;101;86.90 %;chr4
rs34133935;63;1;78;101;86.90 %;chr4
rs34133935;63;17;101;101;87.10 %;chrX
rs34133935;62;1;68;101;95.60 %;chrX
rs34133935;62;1;78;101;87.10 %;chr5
rs34133935;62;5;78;101;89.10 %;chr2
rs34133935;62;1;83;101;87.90 %;chr2
rs34133935;61;1;73;101;88.90 %;chr18
rs34133935;60;16;83;101;94.20 %;chrX
rs34133935;60;1;101;101;81.30 %;chr3
rs34133935;60;1;83;101;87.90 %;chr1
rs34133935;60;1;78;101;88.50 %;chr1
rs34133935;60;1;83;101;86.60 %;chrX
rs34133935;60;1;68;101;94.20 %;chrX
rs34133935;60;1;83;101;88.50 %;chr15
rs34133935;59;1;83;101;85.60 %;chr6
rs34133935;59;11;101;101;82.50 %;chr1
rs34133935;58;17;101;101;84.60 %;chr7
rs34133935;58;1;66;101;94.00 %;chr22
rs34133935;58;11;76;101;94.00 %;chr8
rs34133935;58;1;83;101;89.20 %;chr2
rs34133935;58;11;74;101;95.40 %;chr12
rs34133935;58;1;77;101;88.00 %;chr1
rs34133935;57;1;67;101;92.60 %;chrX
rs34133935;57;1;101;101;82.80 %;chr15
rs34133935;57;8;83;101;88.00 %;chr1
rs34133935;57;12;85;101;89.20 %;chr14
rs34133935;56;1;74;101;87.90 %;chrX
rs34133935;56;1;68;101;86.20 %;chr6
rs34133935;56;14;101;101;86.90 %;chr6
rs34133935;56;1;83;101;84.20 %;chr2
rs34133935;56;18;83;101;92.50 %;chr1
rs34133935;56;14;75;101;95.20 %;chr1
rs34133935;56;1;83;101;84.20 %;chr1
rs34133935;56;14;83;101;90.00 %;chrX
rs34133935;56;11;76;101;92.50 %;chr5
rs34133935;56;1;75;101;86.80 %;chr3
rs34133935;56;1;73;101;84.60 %;chr3
rs34133935;56;1;68;101;91.20 %;chr15
rs34133935;55;3;68;101;92.40 %;chr7
rs34133935;55;11;83;101;87.70 %;chrX
rs34133935;55;11;75;101;89.10 %;chr9
rs34133935;55;1;68;101;91.20 %;chr1
rs34133935;54;11;76;101;91.00 %;chrX
rs34133935;54;14;78;101;92.20 %;chr9
rs34133935;54;1;74;101;87.70 %;chr5
rs34133935;54;1;68;101;89.80 %;chr6
rs34133935;54;1;83;101;92.20 %;chr16
rs34133935;54;11;76;101;91.00 %;chr1
rs34133935;53;14;78;101;90.80 %;chr13
rs34133935;53;14;78;101;90.80 %;chr11
rs34133935;53;8;66;101;95.00 %;chr1
rs34133935;53;1;74;101;81.50 %;chrY
rs34133935;53;1;74;101;88.60 %;chr19
rs34133935;53;1;76;101;82.70 %;chr10
rs34133935;52;1;68;101;83.10 %;chr3
rs34133935;52;1;68;101;88.30 %;chr3
rs34133935;52;1;68;101;88.30 %;chr10
rs34133935;52;1;68;101;83.10 %;chr8
rs34133935;52;1;68;101;85.50 %;chr7
rs34133935;52;1;68;101;84.80 %;chr12
rs34133935;51;14;78;101;89.30 %;chr5
rs34133935;51;32;101;101;87.20 %;chr4
rs34133935;51;1;68;101;86.00 %;chr11
rs34133935;51;1;57;101;94.80 %;chr5
rs34133935;51;11;73;101;90.50 %;chr5
rs34133935;51;1;65;101;86.50 %;chr17
rs34133935;50;1;68;101;83.90 %;chrX
rs34133935;50;11;76;101;86.70 %;chr6
rs34133935;50;1;58;101;93.20 %;chr2
rs34133935;49;37;101;101;87.70 %;chr11
rs34133935;48;11;78;101;85.30 %;chr12
rs34133935;48;11;66;101;92.90 %;chr4
rs34133935;48;5;68;101;87.50 %;chr4
rs34133935;47;25;101;101;92.80 %;chrX
rs34133935;47;11;78;101;86.20 %;chr11
rs34133935;47;38;101;101;87.40 %;chr11
rs34133935;45;14;68;101;91.00 %;chrX
rs34133935;45;14;68;101;91.00 %;chrY
rs34133935;44;11;68;101;88.00 %;chr18
rs34133935;44;11;68;101;88.00 %;chr6
rs34133935;44;21;83;101;88.00 %;chr3
rs34133935;42;41;101;101;93.80 %;chrX
rs34133935;42;11;58;101;93.80 %;chr2
rs34133935;41;14;63;101;91.90 %;chr12
rs34133935;39;1;47;101;91.50 %;chr6
rs34133935;39;2;46;101;93.40 %;chr13
rs34133935;38;38;83;101;93.40 %;chrX
rs34133935;37;1;43;101;93.10 %;chr12
rs34133935;37;11;53;101;93.10 %;chr11
rs34133935;37;11;51;101;95.20 %;chr1
rs34133935;36;11;74;101;84.10 %;chr16
rs34133935;35;42;83;101;92.90 %;chr14
rs34133935;35;38;83;101;88.90 %;chr11
rs34133935;33;1;101;101;90.30 %;chr8
rs34133935;33;12;49;101;94.60 %;chr13
rs34133935;30;38;76;101;89.50 %;chr1
rs34133935;30;11;44;101;94.20 %;chr1
rs34133935;29;14;55;101;87.90 %;chr3
rs34133935;29;38;68;101;90.00 %;chr13
rs34133935;28;14;43;101;96.70 %;chr12
rs34133935;28;1;28;101;100.00 %;chr1
rs34133935;25;38;68;101;90.40 %;chr6
rs34133935;24;1;26;101;96.20 %;chr1
rs34133935;24;41;68;101;92.90 %;chr1
rs34133935;22;45;68;101;95.90 %;chrX
rs4676964;101;1;101;101;100.00 %;chr3
rs4676964;20;60;79;101;100.00 %;chr10
rs6549009;101;1;101;101;100.00 %;chr3
rs6549009;20;4;23;101;100.00 %;chr6
rs6555203;101;1;101;101;100.00 %;chr5
rs6555203;25;68;93;101;100.00 %;chr15
rs6555203;24;77;101;101;100.00 %;chr2
rs6555203;24;1;25;101;100.00 %;chr18
rs6555203;22;2;27;101;84.00 %;chr11
rs6555203;20;30;49;101;100.00 %;chr1
rs6859545;101;1;101;101;100.00 %;chr5
rs6859545;22;17;38;101;100.00 %;chr11
rs7617480;101;1;101;101;100.00 %;chr3
rs7617480;26;1;27;101;100.00 %;chr6
rs7617480;26;24;71;101;63.00 %;chr3
rs7617480;20;78;97;101;100.00 %;chr17
rs7646966;101;1;101;101;100.00 %;chr3
rs7646966;25;5;37;101;75.00 %;chr5
rs7646966;23;7;30;101;100.00 %;chr7
rs9834065;101;1;101;101;100.00 %;chr3
rs9834065;26;28;64;101;93.40 %;chr21
rs9834065;21;18;40;101;95.70 %;chr12
rs9834065;20;51;70;101;100.00 %;chr9
rs9834065;20;58;77;101;100.00 %;chrY
rs10270358;101;1;101;101;100.00 %;chr7
rs10270358;22;59;80;101;100.00 %;chrX
rs10270358;20;27;46;101;100.00 %;chr2
rs10515893;101;1;101;101;100.00 %;chr5
rs10515893;28;39;80;101;96.70 %;chr4
rs10515893;22;58;80;101;100.00 %;chr3
rs10515893;21;58;80;101;95.70 %;chr2
rs10515893;21;61;81;101;100.00 %;chr13
rs10515893;20;61;80;101;100.00 %;chr1
rs1063739;101;1;101;101;100.00 %;chr8
rs10766291;101;1;101;101;100.00 %;chr11
rs10766291;24;21;49;101;96.20 %;chr7
rs10766291;23;6;28;101;100.00 %;chr8
rs10766291;23;15;39;101;96.00 %;chr4
rs10766291;20;10;31;101;95.50 %;chrX
rs10904233;101;1;101;101;100.00 %;chr10
rs10904233;21;48;68;101;100.00 %;chr15
rs10905651;101;1;101;101;100.00 %;chr10
rs10905651;25;75;101;101;96.30 %;chr7
rs10905651;25;75;101;101;88.50 %;chr1
rs10905651;24;73;101;101;96.20 %;chr19
rs10905651;24;72;101;101;92.90 %;chr15
rs10905651;23;79;101;101;100.00 %;chr9
rs10905651;23;79;101;101;100.00 %;chr4
rs10905651;21;81;101;101;100.00 %;chr5
rs10905651;21;74;94;101;100.00 %;chr17
rs10905651;21;81;101;101;100.00 %;chr11
rs10905651;21;81;101;101;100.00 %;chr1
rs10905651;20;82;101;101;100.00 %;chr5
rs10905651;20;76;95;101;100.00 %;chr6
rs10905651;20;82;101;101;100.00 %;chr5
rs10964391;101;1;101;101;100.00 %;chr9
rs10964391;30;26;101;101;69.80 %;chr2
rs10964391;28;11;39;101;100.00 %;chr3
rs10964391;26;11;45;101;96.50 %;chr3
rs10964391;24;23;47;101;100.00 %;chr2
rs10964391;21;22;42;101;100.00 %;chrX
rs10964391;20;26;45;101;100.00 %;chrX
rs10964391;20;6;25;101;100.00 %;chr9
rs10964391;20;6;25;101;100.00 %;chr5
rs10964391;20;9;28;101;100.00 %;chr18
rs1235162;101;1;101;101;100.00 %;chr6_qb
rs1235162;101;1;101;101;100.00 %;chr6_mc
rs1235162;101;1;101;101;100.00 %;chr6_ma
rs1235162;101;1;101;101;100.00 %;chr6_db
rs1235162;101;1;101;101;100.00 %;chr6_ap
rs1235162;101;1;101;101;100.00 %;chr6
rs1235162;99;1;101;101;99.10 %;chr6_co
rs1235162;25;49;80;101;96.30 %;chr4
rs1235162;25;77;101;101;100.00 %;chr7
rs1235162;23;79;101;101;100.00 %;chr2
rs1235162;23;79;101;101;100.00 %;chr1
rs1235162;23;77;101;101;87.50 %;chr1
rs1235162;23;79;101;101;100.00 %;chr19
rs1235162;23;78;101;101;100.00 %;chr1
rs1235162;22;80;101;101;100.00 %;chr3
rs1235162;22;80;101;101;100.00 %;chr3
rs1235162;22;79;100;101;100.00 %;chr1
rs1235162;21;81;101;101;100.00 %;chr2
rs1235162;21;79;101;101;95.70 %;chr1
rs1235162;21;79;101;101;95.70 %;chr1
rs1235162;20;82;101;101;100.00 %;chr2
rs1235162;20;80;101;101;95.50 %;chr1
rs1235162;20;50;69;101;100.00 %;chr1
rs1246264;101;1;101;101;100.00 %;chr9
rs1246264;22;54;77;101;95.90 %;chr8
rs1246264;21;40;61;101;100.00 %;chr3
rs12538590;101;1;101;101;100.00 %;chr7
rs12538590;20;30;49;101;100.00 %;chr3
rs13227328;101;1;101;101;100.00 %;chr7
rs13227328;20;61;80;101;100.00 %;chr20
rs16914968;101;1;101;101;100.00 %;chr10
rs1857269;101;1;101;101;100.00 %;chr10
rs2092772;101;1;101;101;100.00 %;chr6
rs2092772;76;1;100;101;88.00 %;chr1
rs2092772;69;1;100;101;86.60 %;chr5
rs2092772;67;1;94;101;89.90 %;chr2
rs2092772;52;1;94;101;88.30 %;chr6
rs2092772;52;1;82;101;85.00 %;chr4
rs2092772;44;51;100;101;94.00 %;chr6
rs2092772;44;43;90;101;95.90 %;chr3
rs2092772;43;51;99;101;93.90 %;chr2
rs2092772;36;51;94;101;91.00 %;chr1
rs2092772;34;60;95;101;97.30 %;chr11
rs2092772;34;51;94;101;88.70 %;chr4
rs2092772;33;58;94;101;94.60 %;chr5
rs2092772;31;60;94;101;94.30 %;chrX
rs2092772;30;61;92;101;96.90 %;chr7
rs2248641;101;1;101;101;100.00 %;chr6
rs2248641;20;49;70;101;95.50 %;chr8
rs247587;101;1;101;101;100.00 %;chr5
rs247587;26;59;97;101;69.00 %;chr20
rs247587;21;75;95;101;100.00 %;chr1
rs2711125;101;1;101;101;100.00 %;chr7
rs2711125;23;30;54;101;87.50 %;chr3
rs2866277;101;1;101;101;100.00 %;chr7
rs56326921;101;1;101;101;100.00 %;chr9
rs56326921;40;10;72;101;76.60 %;chr11
rs56326921;36;1;53;101;81.00 %;chr3
rs56326921;34;59;99;101;92.70 %;chr2
rs56326921;32;36;97;101;70.60 %;chr7
rs56326921;32;38;90;101;94.50 %;chr2
rs56326921;32;59;99;101;94.50 %;chr1
rs56326921;31;10;78;101;65.80 %;chr4
rs56326921;31;61;101;101;91.90 %;chr4
rs56326921;29;36;99;101;66.70 %;chr2
rs56326921;29;59;101;101;91.50 %;chr3
rs56326921;29;59;94;101;96.80 %;chr15
rs56326921;28;65;95;101;96.80 %;chr5
rs56326921;28;11;74;101;63.40 %;chr2
rs56326921;28;38;99;101;64.80 %;chr5
rs56326921;26;64;97;101;96.50 %;chr6
rs56326921;26;59;94;101;96.50 %;chr13
rs56326921;26;59;92;101;96.50 %;chr20
rs56326921;26;59;92;101;96.50 %;chr11
rs56326921;23;59;82;101;100.00 %;chr4
rs56326921;21;58;78;101;100.00 %;chr2
rs56326921;20;59;78;101;100.00 %;chr3
rs56326921;20;59;78;101;100.00 %;chr5
rs56326921;20;59;78;101;100.00 %;chr4
rs56326921;20;59;78;101;100.00 %;chr4
rs56326921;20;59;78;101;100.00 %;chr4
rs56326921;20;59;78;101;100.00 %;chr3
rs56326921;20;59;78;101;100.00 %;chr2
rs56326921;20;59;78;101;100.00 %;chr2
rs6994019;101;1;101;101;100.00 %;chr8
rs6994100;101;1;101;101;100.00 %;chr8
rs6994100;29;11;45;101;85.30 %;chr9
rs6994100;28;8;39;101;96.80 %;chr2
rs6994100;23;1;24;101;100.00 %;chr2
rs6994100;21;18;38;101;100.00 %;chr5
rs6994100;21;20;40;101;100.00 %;chr4
rs6994100;21;11;39;101;86.30 %;chr3
rs6994100;21;22;42;101;100.00 %;chr11
rs6994100;20;25;44;101;100.00 %;chr7
rs6994100;20;8;27;101;100.00 %;chr4
rs6994100;20;20;39;101;100.00 %;chr1
rs6994100;20;24;45;101;95.50 %;chr2
rs7814359;101;1;101;101;100.00 %;chr8
rs7814359;43;49;101;101;90.60 %;chr8
rs7843479;101;1;101;101;100.00 %;chr8
rs7843479;22;74;96;101;100.00 %;chr16
rs80028017;101;1;101;101;100.00 %;chr9
rs80028017;81;2;100;101;92.00 %;chrX
rs80028017;72;1;101;101;86.20 %;chr7
rs80028017;68;1;101;101;84.20 %;chr8
rs80028017;67;2;101;101;84.00 %;chr2
rs80028017;67;2;101;101;92.50 %;chr15
rs80028017;65;2;101;101;83.00 %;chr7
rs80028017;64;3;100;101;82.70 %;chr3
rs80028017;64;11;101;101;85.80 %;chr10
rs80028017;64;3;101;101;82.00 %;chr1
rs80028017;63;2;96;101;83.20 %;chr3
rs80028017;63;5;101;101;82.50 %;chr11
rs80028017;63;3;101;101;81.90 %;chr10
rs80028017;63;1;101;101;81.20 %;chr11
rs80028017;63;2;101;101;82.00 %;chr1
rs80028017;62;2;101;101;81.00 %;chrX
rs80028017;61;2;101;101;78.40 %;chr7
rs80028017;61;1;101;101;80.20 %;chr2
rs80028017;61;11;101;101;83.60 %;chr3
rs80028017;61;2;101;101;81.00 %;chr2
rs80028017;60;3;101;101;80.90 %;chr1
rs80028017;60;2;101;101;80.00 %;chr1
rs80028017;59;2;101;101;80.00 %;chr3
rs80028017;58;2;101;101;79.00 %;chr7
rs80028017;58;2;95;101;80.90 %;chr7
rs80028017;58;5;96;101;81.60 %;chr5
rs80028017;57;2;96;101;80.00 %;chr3
rs80028017;57;1;101;101;78.30 %;chr1
rs80028017;57;11;101;101;81.40 %;chr5
rs80028017;56;11;101;101;91.20 %;chr8
rs80028017;56;2;101;101;78.00 %;chr1
rs80028017;56;3;101;101;78.80 %;chr1
rs80028017;55;1;96;101;96.70 %;chr9
rs80028017;55;2;95;101;81.70 %;chr2
rs80028017;55;11;101;101;80.30 %;chr1
rs80028017;54;2;101;101;77.00 %;chr1
rs80028017;54;11;101;101;80.30 %;chr1
rs80028017;53;3;101;101;76.80 %;chr22
rs80028017;53;4;101;101;77.60 %;chr1
rs80028017;53;2;101;101;77.00 %;chr1
rs80028017;53;2;101;101;77.00 %;chr1
rs80028017;52;8;95;101;79.60 %;chr8
rs80028017;51;2;101;101;93.40 %;chr5
rs80028017;51;2;101;101;93.40 %;chr2
rs80028017;50;2;65;101;89.10 %;chr8
rs80028017;50;11;101;101;78.10 %;chr6
rs80028017;50;2;59;101;93.20 %;chr1
rs80028017;50;13;101;101;91.90 %;chr1
rs80028017;49;11;101;101;77.00 %;chr18
rs80028017;49;5;101;101;91.70 %;chr1
rs80028017;48;11;101;101;87.50 %;chr4
rs80028017;48;2;59;101;91.40 %;chr11
rs80028017;46;11;93;101;80.30 %;chrX
rs80028017;46;11;101;101;92.60 %;chr5
rs80028017;46;2;95;101;88.90 %;chr21
rs80028017;45;6;62;101;89.50 %;chr8
rs80028017;44;2;47;101;97.90 %;chr6
rs80028017;44;2;63;101;85.50 %;chr4
rs80028017;43;3;49;101;95.80 %;chr3
rs80028017;43;3;49;101;95.80 %;chr4
rs80028017;42;2;57;101;82.00 %;chr9
rs80028017;42;1;46;101;95.70 %;chr9
rs80028017;42;1;46;101;95.70 %;chr9
rs80028017;42;2;45;101;97.80 %;chr1
rs80028017;42;3;62;101;85.00 %;chr1
rs80028017;42;1;46;101;95.70 %;chr9
rs80028017;42;2;45;101;97.80 %;chr5
rs80028017;42;2;45;101;97.80 %;chr4
rs80028017;42;2;45;101;97.80 %;chr1
rs80028017;41;1;45;101;95.60 %;chr3
rs80028017;41;1;49;101;84.80 %;chr3
rs80028017;41;2;48;101;93.70 %;chrX
rs80028017;41;1;45;101;95.60 %;chr12
rs80028017;41;11;101;101;95.70 %;chr1
rs80028017;40;2;45;101;95.50 %;chr9
rs80028017;40;2;45;101;95.50 %;chr4
rs80028017;40;2;45;101;95.50 %;chr13
rs80028017;40;2;45;101;95.50 %;chr10
rs80028017;39;2;62;101;82.00 %;chr11
rs80028017;39;3;45;101;95.40 %;chr1
rs80028017;39;3;45;101;95.40 %;chr5
rs80028017;39;2;44;101;95.40 %;chr3
rs80028017;39;1;45;101;93.40 %;chr15
rs80028017;38;2;45;101;93.20 %;chrX
rs80028017;38;2;45;101;93.20 %;chr2
rs80028017;38;2;49;101;89.60 %;chr1
rs80028017;38;2;45;101;93.20 %;chr1
rs80028017;38;1;48;101;89.60 %;chr1
rs80028017;38;2;41;101;97.50 %;chr4
rs80028017;38;2;45;101;93.20 %;chr19
rs80028017;38;2;45;101;93.20 %;chr1
rs80028017;37;3;45;101;93.10 %;chr22
rs80028017;37;3;45;101;93.10 %;chr2
rs80028017;37;3;45;101;93.10 %;chr13
rs80028017;37;11;49;101;97.50 %;chr11
rs80028017;37;3;49;101;89.40 %;chr10
rs80028017;37;1;45;101;91.20 %;chr13
rs80028017;37;3;45;101;93.10 %;chr11
rs80028017;36;5;48;101;91.00 %;chr2
rs80028017;36;2;45;101;91.00 %;chr1
rs80028017;36;2;41;101;95.00 %;chr1
rs80028017;35;3;45;101;90.70 %;chr10
rs80028017;34;6;49;101;88.70 %;chr11
rs80028017;34;2;45;101;88.70 %;chr1
rs80028017;34;2;41;101;92.50 %;chr14
rs80028017;34;2;45;101;86.90 %;chr1
rs80028017;34;2;45;101;88.70 %;chr1
rs80028017;33;11;45;101;97.20 %;chrX
rs80028017;33;11;45;101;97.20 %;chr18
rs80028017;33;3;43;101;90.30 %;chr1
rs80028017;33;2;44;101;88.40 %;chr2
rs80028017;32;3;44;101;88.10 %;chr1
rs80028017;32;11;42;101;100.00 %;chrX
rs80028017;32;2;37;101;94.50 %;chr6
rs80028017;32;2;37;101;94.50 %;chr2
rs80028017;31;1;39;101;89.80 %;chrX
rs80028017;31;11;45;101;94.30 %;chr1
rs80028017;31;11;49;101;89.80 %;chr1
rs80028017;31;11;45;101;94.30 %;chr1
rs80028017;30;52;101;101;80.00 %;chrX
rs80028017;30;2;37;101;91.70 %;chr17
rs80028017;30;2;33;101;96.90 %;chr16
rs80028017;30;14;45;101;96.90 %;chr13
rs80028017;29;13;45;101;94.00 %;chr1
rs80028017;29;11;45;101;91.50 %;chr1
rs80028017;29;11;41;101;96.80 %;chr5
rs80028017;29;11;45;101;91.50 %;chr2
rs80028017;29;11;41;101;96.80 %;chr16
rs80028017;29;11;45;101;91.50 %;chr1
rs80028017;29;11;45;101;91.50 %;chr1
rs80028017;29;11;45;101;91.50 %;chr1
rs80028017;28;11;40;101;96.70 %;chr4
rs80028017;27;11;41;101;93.60 %;chr2
rs80028017;27;11;45;101;88.60 %;chr1
rs80028017;25;1;29;101;93.20 %;chrX
rs80028017;23;2;24;101;100.00 %;chr13
rs80028017;21;2;24;101;95.70 %;chr1
rs80028017;20;2;21;101;100.00 %;chr1
rs967489;101;1;101;101;100.00 %;chr5
rs967489;22;16;39;101;95.90 %;chr1
rs10144091;101;1;101;101;100.00 %;chr14
rs10144091;20;57;76;101;100.00 %;chr13
rs10744218;101;1;101;101;100.00 %;chr12
rs10744218;45;18;79;101;89.30 %;chr4
rs10744218;35;20;77;101;90.70 %;chr4
rs10744218;33;15;61;101;92.40 %;chr18
rs10744218;32;20;63;101;94.50 %;chr17
rs10744218;30;1;39;101;94.20 %;chr10
rs10744218;28;20;50;101;96.80 %;chr4
rs10744218;27;14;40;101;100.00 %;chr7
rs10744218;27;9;39;101;93.60 %;chr1
rs10744218;27;9;39;101;93.60 %;chr1
rs10744218;26;7;33;101;100.00 %;chr16
rs10744218;26;14;43;101;93.40 %;chr14
rs10744218;25;14;40;101;96.30 %;chr17
rs10744218;24;14;39;101;96.20 %;chr5
rs10744218;24;16;39;101;100.00 %;chr3
rs10744218;24;14;39;101;96.20 %;chr22
rs10744218;24;15;40;101;96.20 %;chr12
rs10744218;24;16;39;101;100.00 %;chrX
rs10744218;24;7;33;101;96.30 %;chr5
rs10744218;24;14;39;101;96.20 %;chr2
rs10744218;23;14;40;101;92.60 %;chr5
rs10744218;23;31;56;101;96.00 %;chrX
rs10744218;23;10;33;101;100.00 %;chr9
rs10744218;23;18;40;101;100.00 %;chr2
rs10744218;23;14;38;101;96.00 %;chr2
rs10744218;23;15;39;101;96.00 %;chr13
rs10744218;22;26;50;101;95.90 %;chr7
rs10744218;21;19;41;101;95.70 %;chr5
rs10744218;21;20;40;101;100.00 %;chr6
rs10744218;21;20;40;101;100.00 %;chr15
rs10744218;21;80;100;101;100.00 %;chr1
rs10744218;20;14;33;101;100.00 %;chr7
rs10744218;20;14;33;101;100.00 %;chr6
rs10744218;20;20;39;101;100.00 %;chr4
rs10744218;20;14;33;101;100.00 %;chr9
rs10744218;20;72;93;101;95.50 %;chr8
rs10744218;20;18;39;101;95.50 %;chr7
rs10744218;20;18;39;101;95.50 %;chr6
rs10744218;20;14;33;101;100.00 %;chr1
rs10744218;20;20;39;101;100.00 %;chr1
rs11105439;101;1;101;101;100.00 %;chr12
rs11105439;27;24;53;101;96.70 %;chr14
rs1402954;101;1;101;101;100.00 %;chr11
rs1402954;20;45;64;101;100.00 %;chr4
rs1506884;101;1;101;101;100.00 %;chr12
rs1506884;20;50;69;101;100.00 %;chr17
rs1506884;20;67;86;101;100.00 %;chr17
rs1506884;20;67;86;101;100.00 %;chr17
rs16921914;101;1;101;101;100.00 %;chr11
rs16921914;26;22;53;101;96.60 %;chr10
rs16921914;23;62;85;101;100.00 %;chr20
rs16921914;20;30;51;101;95.50 %;chrX
rs16921914;20;64;83;101;100.00 %;chr6
rs1792361;101;1;101;101;100.00 %;chr11
rs1792361;21;66;88;101;95.70 %;chr17
rs2656108;101;1;101;101;100.00 %;chr14
rs2656108;26;52;91;101;79.40 %;chr3
rs2656108;22;55;77;101;100.00 %;chr3
rs2656108;22;13;35;101;100.00 %;chr19
rs2656108;20;55;74;101;100.00 %;chr17
rs2693698;101;1;101;101;100.00 %;chr14
rs627308;101;1;101;101;100.00 %;chr12
rs7124442;101;1;101;101;100.00 %;chr11
rs7124442;20;61;80;101;100.00 %;chr7
rs7124442;20;43;62;101;100.00 %;chr1
rs766132;101;1;101;101;100.00 %;chr15
rs766132;28;61;95;101;96.70 %;chr6
rs766132;20;44;65;101;95.50 %;chr6
rs766132;20;1;20;101;100.00 %;chr11
rs766132;20;1;20;101;100.00 %;chr5
rs766132;20;60;79;101;100.00 %;chr13
rs7980687;101;1;101;101;100.00 %;chr12
rs11629835;101;1;101;101;100.00 %;chr15
rs11629835;25;45;72;101;96.30 %;chr10
rs11629835;23;78;100;101;100.00 %;chr20
rs11629835;22;79;100;101;100.00 %;chr8
rs11629835;20;28;47;101;100.00 %;chrY
rs11629835;20;82;101;101;100.00 %;chr3
rs11629835;20;5;24;101;100.00 %;chr3
rs11856995;101;1;101;101;100.00 %;chr15
rs11856995;22;29;52;101;95.90 %;chr3
rs11856995;22;18;39;101;100.00 %;chr8
rs11856995;21;75;95;101;100.00 %;chr3
rs11856995;21;74;95;101;100.00 %;chr5
rs11856995;21;19;39;101;100.00 %;chr11
rs11856995;20;75;94;101;100.00 %;chr3
rs12442910;101;1;101;101;100.00 %;chr15
rs12442910;21;58;79;101;100.00 %;chr5
rs12442910;21;67;88;101;100.00 %;chr1
rs12442910;21;50;70;101;100.00 %;chr7
rs12442910;20;30;49;101;100.00 %;chr8
rs1394466;101;1;101;101;100.00 %;chr18
rs1394466;22;37;58;101;100.00 %;chr2
rs1394466;21;32;53;101;100.00 %;chrY
rs1394466;21;32;53;101;100.00 %;chrX
rs1394466;21;79;101;101;95.70 %;chrX
rs1394466;20;40;61;101;95.50 %;chr22
rs1440473;101;1;101;101;100.00 %;chr18
rs1440473;24;46;74;101;96.20 %;chr14
rs1440473;24;1;25;101;100.00 %;chr1
rs1440473;21;15;39;101;92.00 %;chr12
rs2472304;101;1;101;101;100.00 %;chr15
rs2472304;27;22;51;101;85.80 %;chr13
rs2472304;20;73;94;101;95.50 %;chr7
rs269985;101;1;101;101;100.00 %;chr18
rs3104751;101;1;101;101;100.00 %;chr16
rs3104751;24;1;25;101;100.00 %;chr16
rs3104751;24;1;25;101;100.00 %;chr18
rs3104751;23;31;55;101;96.00 %;chr4
rs3104751;23;1;23;101;100.00 %;chr3
rs3104751;21;16;36;101;100.00 %;chr6
rs3104751;21;1;23;101;95.70 %;chr2
rs3104751;21;1;21;101;100.00 %;chr6
rs3104751;21;2;24;101;95.70 %;chr5
rs3104751;21;5;25;101;100.00 %;chr2
rs3104751;21;1;21;101;100.00 %;chr1
rs3104751;20;1;20;101;100.00 %;chr18
rs3104751;20;35;54;101;100.00 %;chr15
rs3751812;101;1;101;101;100.00 %;chr16
rs3751812;28;39;70;101;96.80 %;chr1
rs3751812;25;46;76;101;90.40 %;chr6
rs3751812;25;50;75;101;100.00 %;chr1
rs3751812;24;45;71;101;96.20 %;chr7
rs3751812;24;46;70;101;100.00 %;chr6
rs3751812;24;46;75;101;90.00 %;chr5
rs3751812;24;46;75;101;90.00 %;chr1
rs3751812;23;46;72;101;92.60 %;chr7
rs3751812;23;46;71;101;96.00 %;chr6
rs3751812;23;39;64;101;96.00 %;chr6
rs3751812;23;46;71;101;96.00 %;chr5
rs3751812;23;45;70;101;96.00 %;chr5
rs3751812;21;45;66;101;100.00 %;chrX
rs3751812;20;47;66;101;100.00 %;chr1
rs4777170;101;1;101;101;100.00 %;chr15
rs4777170;20;55;74;101;100.00 %;chr8
rs6135225;101;1;101;101;100.00 %;chr20
rs6135225;22;39;61;101;100.00 %;chr3
rs7258196;101;1;101;101;100.00 %;chr19
rs7258196;23;60;86;101;96.00 %;chr3
rs2284378;101;1;101;101;100.00 %;chr20  +
rs2284378;20;45;64;101;100.00 %;chr10  -
rs6035868;101;1;101;101;100.00 %;chr20  +
rs775100;101;1;101;101;100.00 %;chr20  +