combine_locus	varID	effect_allele	other_allele	geno_hwe_p	gt.rate	imp_freq_a	flag_homology	flag_maf	flag_hwe	flag_callrate	pvalue	effect	stderr
1_154822907_155852123	rs3814316	G	A	3.071e-07	0.9998	0.35589	0	0	1	0	3.57633e-09	-0.0108028	0.00183021
1_175282246_175385866	rs6691883	T	C	0.003728	0.9998	0.21406	1	0	0	0	9.15148e-10	0.013027	0.00212724
1_190848468_191089184	rs4372256	G	A	0.3303	0.9997	0.28706	1	0	0	0	4.32513e-08	0.0105576	0.00192755
1_192100865_192348622	rs946421	T	C	0.02923	0.9995	0.56451	0	0	0	0	2.18008e-09	0.0105362	0.00176083
1_197342380_197827444	rs12740041	T	C	0.8788	0.999	0.21054	1	0	0	0	8.62029e-11	-0.0138898	0.00214059
1_204448441_204603861	rs11588857	G	A	0.3964	0.9995	0.21636	0	0	0	0	2.62299e-08	0.0144702	0.00260007
2_22430795_22753950	rs8179610	T	G	0.07921	0.9996	0.52327	0	0	0	0	3.44739e-09	0.0103323	0.00174867
2_27754625_28292773	rs898031	T	C	0.006355	0.9996	0.68296	0	0	0	0	2.80652e-09	0.0111624	0.00187848
2_49241849_49548375	rs1032838	G	A	0.9527	0.9999	0.34899	0	0	0	0	6.06218e-09	0.0106529	0.00183191
2_60114796_60270589	rs2419407	T	C	0.008711	0.9985	0.43695	0	0	0	0	8.42981e-11	0.0114631	0.00176551
2_159310846_159572363	rs2711047	G	A	0.7307	0.9994	0.23911	1	0	0	0	1.30281e-08	0.0116268	0.00204481
2_164703139_165349934	rs1821849	T	C	8.368e-12	0.9998	0.72124	1	0	1	0	6.97884e-33	-0.0232769	0.0019487
2_178563338_179013814	rs17400325	T	C	0.003462	0.9999	0.04104	0	1	0	0	9.26517e-12	0.0300156	0.00440188
3_16585132_16663781	rs12497831	G	A	0.001749	0.9785	0.06355	1	0	0	1	1.18374e-41	-0.0786905	0.00582266
3_43254633_43698167	rs7646966	C	A	0.1863	0.9987	0.84674	0	0	0	0	8.03597e-09	0.0139845	0.00242489
3_48551897_50488067	rs7617480	C	A	0.004318	0.9985	0.23052	0	0	0	0	1.28847e-11	-0.0140288	0.0020724
3_70795054_71065947	rs4676964	T	C	0.3481	0.9993	0.49765	0	0	0	0	2.22623e-11	0.0150588	0.00225086
3_84862871_85384671	rs6549009	G	A	0.01706	0.9995	0.69338	0	0	0	0	1.88243e-10	0.0120756	0.00189561
3_102371566_102609315	rs1546208	C	A	0.2749	0.9973	0.68845	0	0	0	0	3.0418e-08	-0.0104545	0.00188738
3_116190341_116314390	rs9834065	T	C	0.6599	0.9864	0.43273	1	0	0	0	2.02183e-08	-0.0157547	0.00280834
3_180524764_180753383	rs34133935	T	C	1.599e-15	0.924	0.21492	1	0	1	1	2.26398e-08	-0.0504883	0.00902792
4_2845274_3020584	rs16843589	G	A	0.8868	0.9997	0.27707	1	0	0	0	2.28264e-08	0.0109063	0.00195128
4_30676279_31161549	rs12508739	G	A	0.06093	0.9993	0.46207	0	0	0	0	3.86468e-11	0.0115834	0.00175261
5_3405495_3420833	rs6555203	C	A	0.04637	0.9998	0.49502	0	0	0	0	4.1355e-08	0.00958679	0.00174784
5_87093485_87959033	rs6859545	G	A	4.038e-07	0.9967	0.35573	0	0	1	0	5.9458e-20	-0.0205905	0.00225167
5_88459196_88762625	rs247587	G	A	1.366e-26	0.9921	0.61803	0	0	1	0	3.21306e-13	0.0131117	0.00179986
5_107265024_107514366	rs967489	G	A	0.9078	0.9999	0.42665	0	0	0	0	1.1414e-09	0.0170227	0.00279601
5_164640086_164783822	rs10515893	G	A	3.121e-08	0.9998	0.28171	0	0	1	0	6.48032e-09	-0.0112959	0.00194638
6_27840926_29607101	rs1235162	G	A	4.106e-14	0.9981	0.90857	0	0	1	0	4.41458e-10	-0.0189627	0.00303913
6_96491180_96568381	rs2248641	G	A	0.151	0.9996	0.60643	0	0	0	0	1.67272e-08	0.0100836	0.00178702
6_99236457_99526555	rs2092772	T	G	0.8908	0.9947	0.6618	0	0	0	0	9.11597e-11	-0.0119766	0.00184792
7_24590069_24833601	rs2711125	T	C	5.448e-08	0.999	0.82336	0	0	1	0	2.06644e-09	0.0138021	0.00230346
7_68913490_69823612	rs2866277	G	A	4.27e-05	0.9991	0.26687	0	0	0	0	1.61071e-13	0.0146123	0.00198049
7_70413480_70606906	rs13227328	T	C	0.006311	0.9987	0.6774	0	0	0	0	1.43578e-10	-0.0119816	0.00186854
7_104579775_105078345	rs12538590	C	A	0.4082	0.9997	0.52619	0	0	0	0	4.77448e-13	0.0155628	0.00215212
7_114936050_115317995	rs10270358	G	A	0.0006118	0.9997	0.32195	1	0	0	0	7.24003e-23	-0.0184172	0.00187098
8_21771528_21869727	rs7843479	C	A	0.04741	0.9995	0.42318	0	0	0	0	4.74773e-08	0.00965448	0.00176804
8_89206609_89759178	rs6994019	T	G	2.486e-05	0.9992	0.72173	0	0	0	0	2.07275e-09	-0.0117045	0.00195327
8_142611220_142661456	rs6994100	G	A	0.4656	0.9939	0.35842	0	0	0	0	3.79031e-11	0.0120759	0.0018263
8_143360544_143533052	rs7814359	G	A	0.3677	0.9992	0.79722	0	0	0	0	4.37397e-08	-0.0146258	0.00267114
8_145674458_145907866	rs1063739	C	A	0.2315	0.9984	0.46953	0	0	0	0	1.89589e-09	-0.0105062	0.00174916
9_2008264_2013949	rs10964391	C	A	0.8443	0.9977	0.97689	1	1	0	0	3.17605e-16	0.0601569	0.00737363
9_22431172_22904531	rs56326921	G	A	0.001352	0.9798	0.11522	0	0	0	1	5.69406e-32	0.0419679	0.00356492
9_29228690_29563867	rs80028017	T	C	0.002435	0.9867	0.98911	1	1	0	0	2.26204e-23	-0.122249	0.0122614
9_86744567_86762039	rs1246264	T	C	0.01454	0.9978	0.69087	0	0	0	0	1.54181e-12	-0.0133779	0.00189195
10_4302839_4379270	rs10904233	T	C	0.7421	0.9927	0.64651	0	0	0	0	1.817e-08	0.0126405	0.00224588
10_9965168_10081142	rs10905651	G	A	0.02087	0.9883	0.51515	0	0	0	0	1.24291e-09	0.0106715	0.00175676
10_62013067_62514193	rs16914968	T	C	0.9514	0.9997	0.85442	0	0	0	0	2.82441e-08	0.0168434	0.00303419
10_120143158_120216232	rs1857269	T	G	0.001108	0.9995	0.61273	0	0	0	0	4.22126e-10	0.0111931	0.00179221
11_15993057_16217413	rs10766291	T	C	0.0006362	0.9989	0.58619	1	0	0	0	8.31703e-12	-0.0121461	0.00177756
11_27477864_27742447	rs7124442	T	C	2.127e-09	0.9993	0.30185	0	0	1	0	4.85966e-14	-0.0143982	0.00191081
11_30798255_31858991	rs16921914	G	A	1.119e-08	0.9996	0.27422	1	0	1	0	1.07378e-10	-0.0126878	0.00196535
11_33735359_33831646	rs1402954	T	C	0.8075	0.9988	0.90295	0	0	0	0	1.34096e-08	-0.0166567	0.0029318
11_92274668_92558342	rs1792361	T	C	0.1512	0.9996	0.67411	0	0	0	0	1.55433e-13	0.0137487	0.00186247
12_58357941_58489313	rs1506884	G	A	0.03199	0.9985	0.37461	0	0	0	0	2.92294e-08	-0.010023	0.00180731
12_90231778_90567732	rs11105439	T	C	6.181e-07	0.9961	0.27561	0	0	1	0	1.45544e-08	-0.0175824	0.00310288
12_111818487_113012293	rs627308	C	A	0.01905	0.9998	0.17108	0	0	0	0	5.01032e-12	-0.0160219	0.00232052
12_122804256_123144293	rs10744218	G	A	0.7134	0.9997	0.63439	1	0	0	0	1.15732e-08	0.0103386	0.00181198
12_123450765_123913433	rs7980687	G	A	0.1471	0.9997	0.20794	0	0	0	0	1.30599e-12	0.0158115	0.00222874
14_57358251_57381487	rs2656108	G	A	0.6084	0.9996	0.711	0	0	0	0	1.46913e-08	0.0134465	0.00237372
14_98531606_98668778	rs10144091	T	C	0.8444	0.9998	0.79003	0	0	0	0	1.25452e-08	0.0122021	0.00214383
14_99662868_99731731	rs2693698	G	A	0.6886	0.9985	0.45508	0	0	0	0	2.81444e-11	0.0116792	0.0017547
15_47488977_48083026	rs766132	T	C	0.2038	0.9998	0.59461	0	0	0	0	1.38267e-13	0.0131548	0.00177822
15_69940604_69957974	rs4777170	T	C	0.001671	0.9998	0.39031	0	0	0	0	3.42477e-09	0.0105783	0.00178993
15_74593169_75140854	rs2472304	G	A	0.002876	0.9991	0.64595	0	0	0	0	8.35046e-10	0.0112303	0.00182968
15_77334787_77848806	rs11629835	T	G	1.067e-07	0.9943	0.67162	1	0	1	0	1.67214e-09	0.0112266	0.00186286
15_96219732_96411360	rs11856995	T	C	0.01388	0.9999	0.29716	0	0	0	0	4.82242e-09	-0.0111859	0.00191118
15_97413027_97626182	rs12442910	T	C	0.02846	0.9971	0.24563	0	0	0	0	2.44098e-08	-0.0139499	0.00250136
16_52537526_52638875	rs3104751	T	C	0.6489	0.9997	0.77113	0	0	0	0	2.86192e-08	0.0142002	0.002559
16_53797518_53848561	rs3751812	T	G	0.5288	0.9999	0.59909	1	0	0	0	1.9079e-39	-0.0234327	0.0017831
18_42632652_42971830	rs269985	T	C	0.0162	0.9998	0.8246	0	0	0	0	3.27706e-20	-0.0211631	0.00229771
18_50358109_51061399	rs1394466	G	A	1.082e-08	0.9994	0.46789	1	0	1	0	8.05817e-14	0.0131042	0.00175439
18_52893504_53675112	rs1440473	T	C	0.01639	0.9994	0.39312	0	0	0	0	3.46499e-13	0.0130157	0.00178908
19_32830261_32994338	rs7258196	T	C	0.1922	0.9988	0.83756	0	0	0	0	2.09138e-09	0.0174746	0.00291748
20_14514841_14694427	rs6135225	T	G	1.042e-08	0.9989	0.68129	0	0	1	0	2.07274e-10	0.0119109	0.0018741
20_15986886_16013408	rs775100	T	C	0.03287	0.9992	0.85601	0	0	0	0	1.36287e-08	-0.0141182	0.00248626
20_21233198_21549424	rs6035868	T	C	0.0007848	0.9996	0.61941	0	0	0	0	2.88442e-09	0.0106876	0.0017999
20_32514061_32746203	rs2284378	T	C	7.573e-05	0.9989	0.68239	0	0	0	0	2.91844e-08	-0.0104355	0.00188148
